[
{
    "model": "blog.blogentrytag",
    "pk": 15,
    "fields": {
        "tag": 1,
        "content_object": 13
    }
},
{
    "model": "blog.blogentrytag",
    "pk": 16,
    "fields": {
        "tag": 2,
        "content_object": 13
    }
},
{
    "model": "blog.blogentrytag",
    "pk": 17,
    "fields": {
        "tag": 1,
        "content_object": 14
    }
},
{
    "model": "blog.blogentrytag",
    "pk": 18,
    "fields": {
        "tag": 3,
        "content_object": 14
    }
},
{
    "model": "blog.blogentrytag",
    "pk": 19,
    "fields": {
        "tag": 1,
        "content_object": 16
    }
},
{
    "model": "wagtailcore.site",
    "fields": {
        "hostname": "localhost",
        "port": 80,
        "site_name": null,
        "root_page": 3,
        "is_default_site": true
    }
},
{
    "model": "wagtailcore.collection",
    "pk": 1,
    "fields": {
        "path": "0001",
        "depth": 1,
        "numchild": 0,
        "name": "Root"
    }
},
{
    "model": "taggit.tag",
    "pk": 1,
    "fields": {
        "name": "tag1",
        "slug": "tag1"
    }
},
{
    "model": "taggit.tag",
    "pk": 2,
    "fields": {
        "name": "tag2",
        "slug": "tag2"
    }
},
{
    "model": "taggit.tag",
    "pk": 3,
    "fields": {
        "name": "tag3",
        "slug": "tag3"
    }
},
{
    "model": "wagtailmenus.mainmenu",
    "pk": 1,
    "fields": {
        "site": [
            "localhost",
            80
        ],
        "max_levels": 2,
        "use_specific": 1
    }
},
{
    "model": "auth.group",
    "fields": {
        "name": "Moderators",
        "permissions": [
            [
                "access_admin",
                "wagtailadmin",
                "admin"
            ],
            [
                "add_document",
                "wagtaildocs",
                "document"
            ],
            [
                "change_document",
                "wagtaildocs",
                "document"
            ],
            [
                "delete_document",
                "wagtaildocs",
                "document"
            ],
            [
                "add_image",
                "wagtailimages",
                "image"
            ],
            [
                "change_image",
                "wagtailimages",
                "image"
            ],
            [
                "delete_image",
                "wagtailimages",
                "image"
            ]
        ]
    }
},
{
    "model": "auth.group",
    "fields": {
        "name": "Editors",
        "permissions": [
            [
                "access_admin",
                "wagtailadmin",
                "admin"
            ],
            [
                "add_document",
                "wagtaildocs",
                "document"
            ],
            [
                "change_document",
                "wagtaildocs",
                "document"
            ],
            [
                "delete_document",
                "wagtaildocs",
                "document"
            ],
            [
                "add_image",
                "wagtailimages",
                "image"
            ],
            [
                "change_image",
                "wagtailimages",
                "image"
            ],
            [
                "delete_image",
                "wagtailimages",
                "image"
            ]
        ]
    }
},
{
    "model": "auth.user",
    "fields": {
        "password": "pbkdf2_sha256$36000$h3WALt49qQKi$w+NeVLMBxwx0dnq1YpRLlGhjIy9vy0d2a+6kiBN1gQQ=",
        "last_login": "2017-11-05T01:15:33.691Z",
        "is_superuser": true,
        "username": "skulick",
        "first_name": "",
        "last_name": "",
        "email": "skulick2@gmail.com",
        "is_staff": true,
        "is_active": true,
        "date_joined": "2017-11-05T01:15:18.275Z",
        "groups": [],
        "user_permissions": []
    }
},
{
    "model": "auth.user",
    "fields": {
        "password": "pbkdf2_sha256$36000$qvCjXdnvap2B$rJpvd5ZpvmtpFdMcGO69mIscw1mdoN24PPkJqdqji2Y=",
        "last_login": "2017-12-03T18:03:46.873Z",
        "is_superuser": true,
        "username": "jeremy",
        "first_name": "",
        "last_name": "",
        "email": "",
        "is_staff": true,
        "is_active": true,
        "date_joined": "2017-12-03T18:03:42.736Z",
        "groups": [],
        "user_permissions": []
    }
},
{
    "model": "sessions.session",
    "pk": "n42y95ocxzgedsf9ibvk3zor8m3unhfi",
    "fields": {
        "session_data": "MjFhMzMzNjAzMDBiMzk3YzZmYjVlZDgzZmIyMTRiZGJkOWU3OWIyMjp7Il9hdXRoX3VzZXJfaWQiOiIxIiwiX2F1dGhfdXNlcl9iYWNrZW5kIjoiZGphbmdvLmNvbnRyaWIuYXV0aC5iYWNrZW5kcy5Nb2RlbEJhY2tlbmQiLCJfYXV0aF91c2VyX2hhc2giOiJlOGJlZTg3YzEzYTc4ZDE4ZTA2MTRmZjBlMGY5MzJlNjgzMWRiODZiIn0=",
        "expire_date": "2017-11-19T01:15:33.693Z"
    }
},
{
    "model": "sessions.session",
    "pk": "pv7309dka63ia4u3ykea2vjlewvo0pgp",
    "fields": {
        "session_data": "OTA0ODcxNDMwNGJhYTNjODU5OTczOWJmN2Y3ZTg0NDMxNGZlN2I4Mjp7Il9hdXRoX3VzZXJfaWQiOiIyIiwiX2F1dGhfdXNlcl9iYWNrZW5kIjoiZGphbmdvLmNvbnRyaWIuYXV0aC5iYWNrZW5kcy5Nb2RlbEJhY2tlbmQiLCJfYXV0aF91c2VyX2hhc2giOiI2NmQ2YmFmZDM5YTE4ZjZhZjI1YmFmYzJkNjVjN2FiMjI0MzI0YTc0In0=",
        "expire_date": "2017-12-17T18:03:46.915Z"
    }
},
{
    "model": "wagtailcore.groupcollectionpermission",
    "pk": 1,
    "fields": {
        "group": [
            "Editors"
        ],
        "collection": 1,
        "permission": [
            "add_image",
            "wagtailimages",
            "image"
        ]
    }
},
{
    "model": "wagtailcore.groupcollectionpermission",
    "pk": 2,
    "fields": {
        "group": [
            "Moderators"
        ],
        "collection": 1,
        "permission": [
            "add_image",
            "wagtailimages",
            "image"
        ]
    }
},
{
    "model": "wagtailcore.groupcollectionpermission",
    "pk": 3,
    "fields": {
        "group": [
            "Editors"
        ],
        "collection": 1,
        "permission": [
            "change_image",
            "wagtailimages",
            "image"
        ]
    }
},
{
    "model": "wagtailcore.groupcollectionpermission",
    "pk": 4,
    "fields": {
        "group": [
            "Moderators"
        ],
        "collection": 1,
        "permission": [
            "change_image",
            "wagtailimages",
            "image"
        ]
    }
},
{
    "model": "wagtailcore.groupcollectionpermission",
    "pk": 5,
    "fields": {
        "group": [
            "Editors"
        ],
        "collection": 1,
        "permission": [
            "add_document",
            "wagtaildocs",
            "document"
        ]
    }
},
{
    "model": "wagtailcore.groupcollectionpermission",
    "pk": 6,
    "fields": {
        "group": [
            "Moderators"
        ],
        "collection": 1,
        "permission": [
            "add_document",
            "wagtaildocs",
            "document"
        ]
    }
},
{
    "model": "wagtailcore.groupcollectionpermission",
    "pk": 7,
    "fields": {
        "group": [
            "Editors"
        ],
        "collection": 1,
        "permission": [
            "change_document",
            "wagtaildocs",
            "document"
        ]
    }
},
{
    "model": "wagtailcore.groupcollectionpermission",
    "pk": 8,
    "fields": {
        "group": [
            "Moderators"
        ],
        "collection": 1,
        "permission": [
            "change_document",
            "wagtaildocs",
            "document"
        ]
    }
},
{
    "model": "wagtailcore.grouppagepermission",
    "pk": 1,
    "fields": {
        "group": [
            "Moderators"
        ],
        "page": 1,
        "permission_type": "add"
    }
},
{
    "model": "wagtailcore.grouppagepermission",
    "pk": 2,
    "fields": {
        "group": [
            "Moderators"
        ],
        "page": 1,
        "permission_type": "edit"
    }
},
{
    "model": "wagtailcore.grouppagepermission",
    "pk": 3,
    "fields": {
        "group": [
            "Moderators"
        ],
        "page": 1,
        "permission_type": "publish"
    }
},
{
    "model": "wagtailcore.grouppagepermission",
    "pk": 4,
    "fields": {
        "group": [
            "Editors"
        ],
        "page": 1,
        "permission_type": "add"
    }
},
{
    "model": "wagtailcore.grouppagepermission",
    "pk": 5,
    "fields": {
        "group": [
            "Editors"
        ],
        "page": 1,
        "permission_type": "edit"
    }
},
{
    "model": "wagtailcore.grouppagepermission",
    "pk": 6,
    "fields": {
        "group": [
            "Moderators"
        ],
        "page": 1,
        "permission_type": "lock"
    }
},
{
    "model": "wagtailcore.pagerevision",
    "pk": 1,
    "fields": {
        "page": 3,
        "submitted_for_moderation": false,
        "created_at": "2017-11-05T01:16:53.466Z",
        "user": [
            "skulick"
        ],
        "content_json": "{\"pk\": 3, \"path\": \"00010001\", \"depth\": 2, \"numchild\": 0, \"title\": \"My homepage\", \"draft_title\": \"My homepage\", \"slug\": \"home\", \"content_type\": 3, \"live\": true, \"has_unpublished_changes\": false, \"url_path\": \"/home/\", \"owner\": null, \"seo_title\": \"\", \"show_in_menus\": false, \"search_description\": \"\", \"go_live_at\": null, \"expire_at\": null, \"expired\": false, \"locked\": false, \"first_published_at\": null, \"last_published_at\": null, \"latest_revision_created_at\": null, \"live_revision\": null, \"og_type\": \"website\", \"share_image\": null, \"body\": \"[{\\\"type\\\": \\\"paragraph\\\", \\\"value\\\": \\\"<p>body for my homepage</p>\\\", \\\"id\\\": \\\"9e4ac948-cea8-4e85-b197-2a8e18da94d4\\\"}]\", \"fundraising_snippet\": null}",
        "approved_go_live_at": null
    }
},
{
    "model": "wagtailcore.pagerevision",
    "pk": 11,
    "fields": {
        "page": 10,
        "submitted_for_moderation": false,
        "created_at": "2017-11-05T01:36:40.043Z",
        "user": [
            "skulick"
        ],
        "content_json": "{\"pk\": 10, \"path\": \"000100010001\", \"depth\": 3, \"numchild\": 0, \"title\": \"news home page\", \"draft_title\": \"news home page\", \"slug\": \"news\", \"content_type\": 14, \"live\": false, \"has_unpublished_changes\": false, \"url_path\": \"/home/news/\", \"owner\": 1, \"seo_title\": \"\", \"show_in_menus\": false, \"search_description\": \"\", \"go_live_at\": null, \"expire_at\": null, \"expired\": false, \"locked\": false, \"first_published_at\": null, \"last_published_at\": null, \"latest_revision_created_at\": null, \"live_revision\": null}",
        "approved_go_live_at": null
    }
},
{
    "model": "wagtailcore.pagerevision",
    "pk": 12,
    "fields": {
        "page": 10,
        "submitted_for_moderation": false,
        "created_at": "2017-11-05T01:36:46.975Z",
        "user": [
            "skulick"
        ],
        "content_json": "{\"pk\": 10, \"path\": \"000100010001\", \"depth\": 3, \"numchild\": 0, \"title\": \"news home page\", \"draft_title\": \"news home page\", \"slug\": \"news\", \"content_type\": 14, \"live\": false, \"has_unpublished_changes\": true, \"url_path\": \"/home/news/\", \"owner\": 1, \"seo_title\": \"\", \"show_in_menus\": false, \"search_description\": \"\", \"go_live_at\": null, \"expire_at\": null, \"expired\": false, \"locked\": false, \"first_published_at\": null, \"last_published_at\": null, \"latest_revision_created_at\": \"2017-11-05T01:36:40.043Z\", \"live_revision\": null}",
        "approved_go_live_at": null
    }
},
{
    "model": "wagtailcore.pagerevision",
    "pk": 13,
    "fields": {
        "page": 11,
        "submitted_for_moderation": false,
        "created_at": "2017-11-05T01:38:10.797Z",
        "user": [
            "skulick"
        ],
        "content_json": "{\"pk\": 11, \"path\": \"000100010002\", \"depth\": 3, \"numchild\": 0, \"title\": \"blog home page\", \"draft_title\": \"blog home page\", \"slug\": \"blog\", \"content_type\": 16, \"live\": false, \"has_unpublished_changes\": false, \"url_path\": \"/home/blog/\", \"owner\": 1, \"seo_title\": \"\", \"show_in_menus\": false, \"search_description\": \"\", \"go_live_at\": null, \"expire_at\": null, \"expired\": false, \"locked\": false, \"first_published_at\": null, \"last_published_at\": null, \"latest_revision_created_at\": null, \"live_revision\": null}",
        "approved_go_live_at": null
    }
},
{
    "model": "wagtailcore.pagerevision",
    "pk": 14,
    "fields": {
        "page": 11,
        "submitted_for_moderation": false,
        "created_at": "2017-11-05T01:38:35.601Z",
        "user": [
            "skulick"
        ],
        "content_json": "{\"pk\": 11, \"path\": \"000100010002\", \"depth\": 3, \"numchild\": 0, \"title\": \"blog home page\", \"draft_title\": \"blog home page\", \"slug\": \"blog\", \"content_type\": 16, \"live\": false, \"has_unpublished_changes\": true, \"url_path\": \"/home/blog/\", \"owner\": 1, \"seo_title\": \"\", \"show_in_menus\": false, \"search_description\": \"\", \"go_live_at\": null, \"expire_at\": null, \"expired\": false, \"locked\": false, \"first_published_at\": null, \"last_published_at\": null, \"latest_revision_created_at\": \"2017-11-05T01:38:10.797Z\", \"live_revision\": null}",
        "approved_go_live_at": null
    }
},
{
    "model": "wagtailcore.pagerevision",
    "pk": 16,
    "fields": {
        "page": 13,
        "submitted_for_moderation": false,
        "created_at": "2017-11-05T01:44:21.706Z",
        "user": [
            "skulick"
        ],
        "content_json": "{\"pk\": 13, \"path\": \"0001000100020001\", \"depth\": 4, \"numchild\": 0, \"title\": \"blog entry 1\", \"draft_title\": \"blog entry 1\", \"slug\": \"2017-11-01-blog-entry-1\", \"content_type\": 15, \"live\": true, \"has_unpublished_changes\": false, \"url_path\": \"/home/blog/2017-11-01-blog-entry-1/\", \"owner\": 1, \"seo_title\": \"\", \"show_in_menus\": false, \"search_description\": \"\", \"go_live_at\": null, \"expire_at\": null, \"expired\": false, \"locked\": false, \"first_published_at\": null, \"last_published_at\": null, \"latest_revision_created_at\": null, \"live_revision\": null, \"og_type\": \"website\", \"share_image\": null, \"blog_date\": \"2017-11-01\", \"blog_author\": \"author 1\", \"body\": \"[{\\\"type\\\": \\\"paragraph\\\", \\\"value\\\": \\\"<p>blog entry 1 by author 1 about tag1 and tag2</p><p><br/></p>\\\", \\\"id\\\": \\\"0ebcb00b-2bed-4762-9773-023bb7f2c8b5\\\"}]\", \"tagged_items\": [{\"pk\": 15, \"tag\": 1, \"content_object\": 13}, {\"pk\": 16, \"tag\": 2, \"content_object\": 13}]}",
        "approved_go_live_at": null
    }
},
{
    "model": "wagtailcore.pagerevision",
    "pk": 17,
    "fields": {
        "page": 14,
        "submitted_for_moderation": false,
        "created_at": "2017-11-05T01:45:41.129Z",
        "user": [
            "skulick"
        ],
        "content_json": "{\"pk\": 14, \"path\": \"0001000100020002\", \"depth\": 4, \"numchild\": 0, \"title\": \"blog entry 2\", \"draft_title\": \"blog entry 2\", \"slug\": \"2017-11-01-blog-entry-2\", \"content_type\": 15, \"live\": true, \"has_unpublished_changes\": false, \"url_path\": \"/home/blog/2017-11-01-blog-entry-2/\", \"owner\": 1, \"seo_title\": \"\", \"show_in_menus\": false, \"search_description\": \"\", \"go_live_at\": null, \"expire_at\": null, \"expired\": false, \"locked\": false, \"first_published_at\": null, \"last_published_at\": null, \"latest_revision_created_at\": null, \"live_revision\": null, \"og_type\": \"website\", \"share_image\": null, \"blog_date\": \"2017-11-01\", \"blog_author\": \"author 2\", \"body\": \"[{\\\"type\\\": \\\"paragraph\\\", \\\"value\\\": \\\"<p>blog entry 2 by author 2 about tag1 and tag3</p>\\\", \\\"id\\\": \\\"eb7bc635-b990-4826-a822-2e02b3b77c92\\\"}]\", \"tagged_items\": [{\"pk\": 17, \"tag\": 1, \"content_object\": 14}, {\"pk\": 18, \"tag\": 3, \"content_object\": 14}]}",
        "approved_go_live_at": null
    }
},
{
    "model": "wagtailcore.pagerevision",
    "pk": 18,
    "fields": {
        "page": 15,
        "submitted_for_moderation": false,
        "created_at": "2017-11-05T02:07:32.811Z",
        "user": [
            "skulick"
        ],
        "content_json": "{\"pk\": 15, \"path\": \"000100010003\", \"depth\": 3, \"numchild\": 0, \"title\": \"Blog Tag index page\", \"draft_title\": \"Blog Tag index page\", \"slug\": \"tags\", \"content_type\": 18, \"live\": true, \"has_unpublished_changes\": false, \"url_path\": \"/home/tags/\", \"owner\": 1, \"seo_title\": \"\", \"show_in_menus\": false, \"search_description\": \"\", \"go_live_at\": null, \"expire_at\": null, \"expired\": false, \"locked\": false, \"first_published_at\": null, \"last_published_at\": null, \"latest_revision_created_at\": null, \"live_revision\": null}",
        "approved_go_live_at": null
    }
},
{
    "model": "wagtailcore.pagerevision",
    "pk": 19,
    "fields": {
        "page": 15,
        "submitted_for_moderation": false,
        "created_at": "2017-11-05T02:11:00.662Z",
        "user": [
            "skulick"
        ],
        "content_json": "{\"pk\": 15, \"path\": \"000100010003\", \"depth\": 3, \"numchild\": 0, \"title\": \"blog Tag index page\", \"draft_title\": \"Blog Tag index page\", \"slug\": \"tags\", \"content_type\": 18, \"live\": true, \"has_unpublished_changes\": false, \"url_path\": \"/home/tags/\", \"owner\": 1, \"seo_title\": \"\", \"show_in_menus\": false, \"search_description\": \"\", \"go_live_at\": null, \"expire_at\": null, \"expired\": false, \"locked\": false, \"first_published_at\": \"2017-11-05T02:07:32.823Z\", \"last_published_at\": \"2017-11-05T02:07:32.823Z\", \"latest_revision_created_at\": \"2017-11-05T02:07:32.811Z\", \"live_revision\": 18}",
        "approved_go_live_at": null
    }
},
{
    "model": "wagtailcore.pagerevision",
    "pk": 20,
    "fields": {
        "page": 16,
        "submitted_for_moderation": false,
        "created_at": "2017-11-05T02:15:38.100Z",
        "user": [
            "skulick"
        ],
        "content_json": "{\"pk\": 16, \"path\": \"0001000100020003\", \"depth\": 4, \"numchild\": 0, \"title\": \"blog entry 3\", \"draft_title\": \"blog entry 3\", \"slug\": \"2017-11-02-blog-entry-3\", \"content_type\": 15, \"live\": true, \"has_unpublished_changes\": false, \"url_path\": \"/home/blog/2017-11-02-blog-entry-3/\", \"owner\": 1, \"seo_title\": \"\", \"show_in_menus\": false, \"search_description\": \"\", \"go_live_at\": null, \"expire_at\": null, \"expired\": false, \"locked\": false, \"first_published_at\": null, \"last_published_at\": null, \"latest_revision_created_at\": null, \"live_revision\": null, \"og_type\": \"website\", \"share_image\": null, \"blog_date\": \"2017-11-02\", \"blog_author\": \"author 1\", \"body\": \"[{\\\"type\\\": \\\"paragraph\\\", \\\"value\\\": \\\"<p>this is blog entry 3 by author 1 about tag1</p><p><br/></p>\\\", \\\"id\\\": \\\"2206854f-8b00-47e7-9e8d-6874212bad3d\\\"}]\", \"tagged_items\": [{\"pk\": 19, \"tag\": 1, \"content_object\": 16}]}",
        "approved_go_live_at": null
    }
},
{
    "model": "wagtailcore.pagerevision",
    "pk": 21,
    "fields": {
        "page": 17,
        "submitted_for_moderation": false,
        "created_at": "2017-12-03T18:05:18.320Z",
        "user": [
            "jeremy"
        ],
        "content_json": "{\"pk\": 17, \"path\": \"000100010004\", \"depth\": 3, \"numchild\": 0, \"title\": \"calendar\", \"draft_title\": \"calendar\", \"slug\": \"calendar\", \"content_type\": 12, \"live\": true, \"has_unpublished_changes\": false, \"url_path\": \"/home/calendar/\", \"owner\": 2, \"seo_title\": \"\", \"show_in_menus\": false, \"search_description\": \"\", \"go_live_at\": null, \"expire_at\": null, \"expired\": false, \"locked\": false, \"first_published_at\": null, \"last_published_at\": null, \"latest_revision_created_at\": null, \"live_revision\": null, \"intro\": \"\"}",
        "approved_go_live_at": null
    }
},
{
    "model": "wagtailcore.pagerevision",
    "pk": 22,
    "fields": {
        "page": 18,
        "submitted_for_moderation": false,
        "created_at": "2017-12-03T18:10:04.760Z",
        "user": [
            "jeremy"
        ],
        "content_json": "{\"pk\": 18, \"path\": \"0001000100040001\", \"depth\": 4, \"numchild\": 0, \"title\": \"Test event\", \"draft_title\": \"Test event\", \"slug\": \"2017-08-01-test-event\", \"content_type\": 11, \"live\": true, \"has_unpublished_changes\": false, \"url_path\": \"/home/calendar/2017-08-01-test-event/\", \"owner\": 2, \"seo_title\": \"\", \"show_in_menus\": false, \"search_description\": \"\", \"go_live_at\": null, \"expire_at\": null, \"expired\": false, \"locked\": false, \"first_published_at\": null, \"last_published_at\": null, \"latest_revision_created_at\": null, \"live_revision\": null, \"event_date\": \"2017-08-01\", \"event_start_time\": \"13:00:00\", \"event_end_time\": \"15:00:00\", \"wheelchair_accessible\": true, \"asl_available\": true, \"body\": \"[{\\\"type\\\": \\\"paragraph\\\", \\\"value\\\": \\\"<p>test event</p>\\\", \\\"id\\\": \\\"f9eceb62-5816-47fe-88cc-168c7b451e74\\\"}]\", \"location_street_address\": \"\", \"location_city\": \"\", \"location_zip_code\": \"\", \"location_state\": \"\", \"location_name\": \"\"}",
        "approved_go_live_at": null
    }
},
{
    "model": "wagtailcore.pagerevision",
    "pk": 23,
    "fields": {
        "page": 19,
        "submitted_for_moderation": false,
        "created_at": "2017-12-03T18:11:53.585Z",
        "user": [
            "jeremy"
        ],
        "content_json": "{\"pk\": 19, \"path\": \"0001000100010001\", \"depth\": 4, \"numchild\": 0, \"title\": \"Test Bulletin\", \"draft_title\": \"Test Bulletin\", \"slug\": \"2017-12-03-test-bulletin\", \"content_type\": 13, \"live\": true, \"has_unpublished_changes\": false, \"url_path\": \"/home/news/2017-12-03-test-bulletin/\", \"owner\": 2, \"seo_title\": \"\", \"show_in_menus\": false, \"search_description\": \"\", \"go_live_at\": null, \"expire_at\": null, \"expired\": false, \"locked\": false, \"first_published_at\": null, \"last_published_at\": null, \"latest_revision_created_at\": null, \"live_revision\": null, \"og_type\": \"website\", \"share_image\": null, \"bulletin_date\": \"2017-12-03\", \"body\": \"[{\\\"type\\\": \\\"heading\\\", \\\"value\\\": \\\"Test Bulletin\\\", \\\"id\\\": \\\"3171a088-2c6a-43ff-9437-392c1b330c92\\\"}, {\\\"type\\\": \\\"paragraph\\\", \\\"value\\\": \\\"<p>Test</p>\\\", \\\"id\\\": \\\"4bc1f02e-862b-4298-8882-8a10daaf283b\\\"}]\"}",
        "approved_go_live_at": null
    }
},
{
    "model": "wagtailcore.pagerevision",
    "pk": 24,
    "fields": {
        "page": 19,
        "submitted_for_moderation": false,
        "created_at": "2017-12-03T18:13:49.991Z",
        "user": [
            "jeremy"
        ],
        "content_json": "{\"pk\": 19, \"path\": \"0001000100010001\", \"depth\": 4, \"numchild\": 0, \"title\": \"Test Bulletin\", \"draft_title\": \"Test Bulletin\", \"slug\": \"2017-12-03-test-bulletin\", \"content_type\": 13, \"live\": true, \"has_unpublished_changes\": false, \"url_path\": \"/home/news/2017-12-03-test-bulletin/\", \"owner\": 2, \"seo_title\": \"\", \"show_in_menus\": false, \"search_description\": \"\", \"go_live_at\": null, \"expire_at\": null, \"expired\": false, \"locked\": false, \"first_published_at\": \"2017-12-03T18:11:53.760Z\", \"last_published_at\": \"2017-12-03T18:11:53.760Z\", \"latest_revision_created_at\": \"2017-12-03T18:11:53.585Z\", \"live_revision\": 23, \"og_type\": \"website\", \"share_image\": null, \"bulletin_date\": \"2017-08-01\", \"body\": \"[{\\\"type\\\": \\\"heading\\\", \\\"value\\\": \\\"Test Bulletin\\\", \\\"id\\\": \\\"3171a088-2c6a-43ff-9437-392c1b330c92\\\"}, {\\\"type\\\": \\\"paragraph\\\", \\\"value\\\": \\\"<p>Test</p>\\\", \\\"id\\\": \\\"4bc1f02e-862b-4298-8882-8a10daaf283b\\\"}]\"}",
        "approved_go_live_at": null
    }
},
{
    "model": "wagtailcore.page",
    "pk": 1,
    "fields": {
        "path": "0001",
        "depth": 1,
        "numchild": 1,
        "title": "Root",
        "draft_title": "Root",
        "slug": "root",
        "content_type": [
            "wagtailcore",
            "page"
        ],
        "live": true,
        "has_unpublished_changes": false,
        "url_path": "/",
        "owner": null,
        "seo_title": "",
        "show_in_menus": false,
        "search_description": "",
        "go_live_at": null,
        "expire_at": null,
        "expired": false,
        "locked": false,
        "first_published_at": null,
        "last_published_at": null,
        "latest_revision_created_at": null,
        "live_revision": null
    }
},
{
    "model": "wagtailcore.page",
    "pk": 3,
    "fields": {
        "path": "00010001",
        "depth": 2,
        "numchild": 4,
        "title": "My homepage",
        "draft_title": "My homepage",
        "slug": "home",
        "content_type": [
            "home",
            "homepage"
        ],
        "live": true,
        "has_unpublished_changes": false,
        "url_path": "/home/",
        "owner": null,
        "seo_title": "",
        "show_in_menus": false,
        "search_description": "",
        "go_live_at": null,
        "expire_at": null,
        "expired": false,
        "locked": false,
        "first_published_at": "2017-11-05T01:16:53.479Z",
        "last_published_at": "2017-11-05T01:16:53.479Z",
        "latest_revision_created_at": "2017-11-05T01:16:53.466Z",
        "live_revision": 1
    }
},
{
    "model": "wagtailcore.page",
    "pk": 10,
    "fields": {
        "path": "000100010001",
        "depth": 3,
        "numchild": 1,
        "title": "news home page",
        "draft_title": "news home page",
        "slug": "news",
        "content_type": [
            "bulletins",
            "bulletinhomepage"
        ],
        "live": true,
        "has_unpublished_changes": false,
        "url_path": "/home/news/",
        "owner": [
            "skulick"
        ],
        "seo_title": "",
        "show_in_menus": false,
        "search_description": "",
        "go_live_at": null,
        "expire_at": null,
        "expired": false,
        "locked": false,
        "first_published_at": "2017-11-05T01:36:46.990Z",
        "last_published_at": "2017-11-05T01:36:46.990Z",
        "latest_revision_created_at": "2017-11-05T01:36:46.975Z",
        "live_revision": 12
    }
},
{
    "model": "wagtailcore.page",
    "pk": 11,
    "fields": {
        "path": "000100010002",
        "depth": 3,
        "numchild": 3,
        "title": "blog home page",
        "draft_title": "blog home page",
        "slug": "blog",
        "content_type": [
            "blog",
            "bloghomepage"
        ],
        "live": true,
        "has_unpublished_changes": false,
        "url_path": "/home/blog/",
        "owner": [
            "skulick"
        ],
        "seo_title": "",
        "show_in_menus": false,
        "search_description": "",
        "go_live_at": null,
        "expire_at": null,
        "expired": false,
        "locked": false,
        "first_published_at": "2017-11-05T01:38:35.616Z",
        "last_published_at": "2017-11-05T01:38:35.616Z",
        "latest_revision_created_at": "2017-11-05T01:38:35.601Z",
        "live_revision": 14
    }
},
{
    "model": "wagtailcore.page",
    "pk": 13,
    "fields": {
        "path": "0001000100020001",
        "depth": 4,
        "numchild": 0,
        "title": "blog entry 1",
        "draft_title": "blog entry 1",
        "slug": "2017-11-01-blog-entry-1",
        "content_type": [
            "blog",
            "blogentry"
        ],
        "live": true,
        "has_unpublished_changes": false,
        "url_path": "/home/blog/2017-11-01-blog-entry-1/",
        "owner": [
            "skulick"
        ],
        "seo_title": "",
        "show_in_menus": false,
        "search_description": "",
        "go_live_at": null,
        "expire_at": null,
        "expired": false,
        "locked": false,
        "first_published_at": "2017-11-05T01:44:21.721Z",
        "last_published_at": "2017-11-05T01:44:21.721Z",
        "latest_revision_created_at": "2017-11-05T01:44:21.706Z",
        "live_revision": 16
    }
},
{
    "model": "wagtailcore.page",
    "pk": 14,
    "fields": {
        "path": "0001000100020002",
        "depth": 4,
        "numchild": 0,
        "title": "blog entry 2",
        "draft_title": "blog entry 2",
        "slug": "2017-11-01-blog-entry-2",
        "content_type": [
            "blog",
            "blogentry"
        ],
        "live": true,
        "has_unpublished_changes": false,
        "url_path": "/home/blog/2017-11-01-blog-entry-2/",
        "owner": [
            "skulick"
        ],
        "seo_title": "",
        "show_in_menus": false,
        "search_description": "",
        "go_live_at": null,
        "expire_at": null,
        "expired": false,
        "locked": false,
        "first_published_at": "2017-11-05T01:45:41.144Z",
        "last_published_at": "2017-11-05T01:45:41.144Z",
        "latest_revision_created_at": "2017-11-05T01:45:41.129Z",
        "live_revision": 17
    }
},
{
    "model": "wagtailcore.page",
    "pk": 15,
    "fields": {
        "path": "000100010003",
        "depth": 3,
        "numchild": 0,
        "title": "blog Tag index page",
        "draft_title": "blog Tag index page",
        "slug": "tags",
        "content_type": [
            "blog",
            "blogtagindexpage"
        ],
        "live": true,
        "has_unpublished_changes": false,
        "url_path": "/home/tags/",
        "owner": [
            "skulick"
        ],
        "seo_title": "",
        "show_in_menus": false,
        "search_description": "",
        "go_live_at": null,
        "expire_at": null,
        "expired": false,
        "locked": false,
        "first_published_at": "2017-11-05T02:07:32.823Z",
        "last_published_at": "2017-11-05T02:11:00.678Z",
        "latest_revision_created_at": "2017-11-05T02:11:00.662Z",
        "live_revision": 19
    }
},
{
    "model": "wagtailcore.page",
    "pk": 16,
    "fields": {
        "path": "0001000100020003",
        "depth": 4,
        "numchild": 0,
        "title": "blog entry 3",
        "draft_title": "blog entry 3",
        "slug": "2017-11-02-blog-entry-3",
        "content_type": [
            "blog",
            "blogentry"
        ],
        "live": true,
        "has_unpublished_changes": false,
        "url_path": "/home/blog/2017-11-02-blog-entry-3/",
        "owner": [
            "skulick"
        ],
        "seo_title": "",
        "show_in_menus": false,
        "search_description": "",
        "go_live_at": null,
        "expire_at": null,
        "expired": false,
        "locked": false,
        "first_published_at": "2017-11-05T02:15:38.114Z",
        "last_published_at": "2017-11-05T02:15:38.114Z",
        "latest_revision_created_at": "2017-11-05T02:15:38.100Z",
        "live_revision": 20
    }
},
{
    "model": "wagtailcore.page",
    "pk": 17,
    "fields": {
        "path": "000100010004",
        "depth": 3,
        "numchild": 1,
        "title": "calendar",
        "draft_title": "calendar",
        "slug": "calendar",
        "content_type": [
            "member_calendar",
            "membercalendarhomepage"
        ],
        "live": true,
        "has_unpublished_changes": false,
        "url_path": "/home/calendar/",
        "owner": [
            "jeremy"
        ],
        "seo_title": "",
        "show_in_menus": false,
        "search_description": "",
        "go_live_at": null,
        "expire_at": null,
        "expired": false,
        "locked": false,
        "first_published_at": "2017-12-03T18:05:18.480Z",
        "last_published_at": "2017-12-03T18:05:18.480Z",
        "latest_revision_created_at": "2017-12-03T18:05:18.320Z",
        "live_revision": 21
    }
},
{
    "model": "wagtailcore.page",
    "pk": 18,
    "fields": {
        "path": "0001000100040001",
        "depth": 4,
        "numchild": 0,
        "title": "Test event",
        "draft_title": "Test event",
        "slug": "2017-08-01-test-event",
        "content_type": [
            "member_calendar",
            "membercalendarevent"
        ],
        "live": true,
        "has_unpublished_changes": false,
        "url_path": "/home/calendar/2017-08-01-test-event/",
        "owner": [
            "jeremy"
        ],
        "seo_title": "",
        "show_in_menus": false,
        "search_description": "",
        "go_live_at": null,
        "expire_at": null,
        "expired": false,
        "locked": false,
        "first_published_at": "2017-12-03T18:10:04.918Z",
        "last_published_at": "2017-12-03T18:10:04.918Z",
        "latest_revision_created_at": "2017-12-03T18:10:04.760Z",
        "live_revision": 22
    }
},
{
    "model": "wagtailcore.page",
    "pk": 19,
    "fields": {
        "path": "0001000100010001",
        "depth": 4,
        "numchild": 0,
        "title": "Test Bulletin",
        "draft_title": "Test Bulletin",
        "slug": "2017-08-01-test-bulletin",
        "content_type": [
            "bulletins",
            "bulletinemail"
        ],
        "live": true,
        "has_unpublished_changes": false,
        "url_path": "/home/news/2017-08-01-test-bulletin/",
        "owner": [
            "jeremy"
        ],
        "seo_title": "",
        "show_in_menus": false,
        "search_description": "",
        "go_live_at": null,
        "expire_at": null,
        "expired": false,
        "locked": false,
        "first_published_at": "2017-12-03T18:11:53.760Z",
        "last_published_at": "2017-12-03T18:13:50.163Z",
        "latest_revision_created_at": "2017-12-03T18:13:49.991Z",
        "live_revision": 24
    }
},
{
    "model": "blog.blogtagindexpage",
    "pk": 15,
    "fields": {}
},
{
    "model": "blog.blogentry",
    "pk": 13,
    "fields": {
        "og_type": "website",
        "share_image": null,
        "blog_date": "2017-11-01",
        "blog_author": "author 1",
        "body": "[{\"type\": \"paragraph\", \"value\": \"<p>blog entry 1 by author 1 about tag1 and tag2</p><p><br/></p>\", \"id\": \"0ebcb00b-2bed-4762-9773-023bb7f2c8b5\"}]"
    }
},
{
    "model": "blog.blogentry",
    "pk": 14,
    "fields": {
        "og_type": "website",
        "share_image": null,
        "blog_date": "2017-11-01",
        "blog_author": "author 2",
        "body": "[{\"type\": \"paragraph\", \"value\": \"<p>blog entry 2 by author 2 about tag1 and tag3</p>\", \"id\": \"eb7bc635-b990-4826-a822-2e02b3b77c92\"}]"
    }
},
{
    "model": "blog.blogentry",
    "pk": 16,
    "fields": {
        "og_type": "website",
        "share_image": null,
        "blog_date": "2017-11-02",
        "blog_author": "author 1",
        "body": "[{\"type\": \"paragraph\", \"value\": \"<p>this is blog entry 3 by author 1 about tag1</p><p><br/></p>\", \"id\": \"2206854f-8b00-47e7-9e8d-6874212bad3d\"}]"
    }
},
{
    "model": "blog.bloghomepage",
    "pk": 11,
    "fields": {}
},
{
    "model": "bulletins.bulletinemail",
    "pk": 19,
    "fields": {
        "og_type": "website",
        "share_image": null,
        "bulletin_date": "2017-08-01",
        "body": "[{\"type\": \"heading\", \"value\": \"Test Bulletin\", \"id\": \"3171a088-2c6a-43ff-9437-392c1b330c92\"}, {\"type\": \"paragraph\", \"value\": \"<p>Test</p>\", \"id\": \"4bc1f02e-862b-4298-8882-8a10daaf283b\"}]"
    }
},
{
    "model": "bulletins.bulletinhomepage",
    "pk": 10,
    "fields": {}
},
{
    "model": "home.homepage",
    "pk": 3,
    "fields": {
        "og_type": "website",
        "share_image": null,
        "body": "[{\"type\": \"paragraph\", \"value\": \"<p>body for my homepage</p>\", \"id\": \"9e4ac948-cea8-4e85-b197-2a8e18da94d4\"}]",
        "fundraising_snippet": null
    }
},
{
    "model": "member_calendar.membercalendarevent",
    "pk": 18,
    "fields": {
        "event_date": "2017-08-01",
        "event_start_time": "13:00:00",
        "event_end_time": "15:00:00",
        "wheelchair_accessible": true,
        "asl_available": true,
        "body": "[{\"type\": \"paragraph\", \"value\": \"<p>test event</p>\", \"id\": \"f9eceb62-5816-47fe-88cc-168c7b451e74\"}]",
        "location_street_address": "",
        "location_city": "",
        "location_zip_code": "",
        "location_state": "",
        "location_name": ""
    }
},
{
    "model": "member_calendar.membercalendarhomepage",
    "pk": 17,
    "fields": {
        "intro": ""
    }
},
{
    "model": "common.seosettings",
    "pk": 1,
    "fields": {
        "site": [
            "localhost",
            80
        ],
        "organization_short_name": "",
        "organization_full_name": "",
        "address_street": "",
        "address_city": "",
        "address_state": "",
        "address_zip_code": "",
        "logo": null,
        "logo_wide": null,
        "description": "",
        "keywords": "",
        "google_site_verification_key": "",
        "google_analytics_key": ""
    }
},
{
    "model": "common.socialmediasettings",
    "pk": 1,
    "fields": {
        "site": [
            "localhost",
            80
        ],
        "facebook": "",
        "twitter": "",
        "twitter_screen_name": "",
        "instagram": "",
        "youtube": ""
    }
}
]
